<?xml version="1.0" encoding="UTF-8"?>
<metadata xml:lang="en"><Esri><CreaDate>20201210</CreaDate><CreaTime>22484400</CreaTime><ArcGISFormat>1.0</ArcGISFormat><SyncOnce>TRUE</SyncOnce><DataProperties><lineage><Process ToolSource="c:\program files (x86)\arcgis\desktop10.5\ArcToolbox\Toolboxes\Conversion Tools.tbx\RasterToPolygon" Date="20201210" Time="224736">RasterToPolygon mt_2017_v3_1.tif C:\Users\herre\Documents\ArcGIS\Default1.gdb\RasterT_tif13 NO_SIMPLIFY Value</Process></lineage></DataProperties></Esri></metadata>
