<?xml version="1.0"?>
<!--<!DOCTYPE metadata SYSTEM "http://www.esri.com/metadata/esriprof80.dtd">-->
<metadata xml:lang="pt"><Esri><MetaID>{AC5CF27E-680A-4A71-9A24-124D8EC91CA5}</MetaID><CreaDate>20150314</CreaDate><CreaTime>12482800</CreaTime><SyncOnce>FALSE</SyncOnce><DataProperties><lineage><Process ToolSource="C:\Program Files (x86)\ArcGIS\ArcToolbox\Toolboxes\Data Management Tools.tbx\Append" Date="20150314" Time="124828">Append 'Database Connections\Producao - dbgeosirgas931@SDF154@sigareas DC.sde\DBGEOSIRGAS931.SIGAREAS.dataset_DNPMGEO_sirgas2000\DBGEOSIRGAS931.SIGAREAS.PROCESSOS_ATIVOS_H_sirgas2000' "Database Connections\Producao - dbgeosirgas931@SDF154@sigareas DC.sde\DBGEOSIRGAS931.SIGAREAS.PROCESSOS_ATIVOS" NO_TEST "ID 'ID' true false false 38 Long 0 0 ,First,#,Database Connections\Producao - dbgeosirgas931@SDF154@sigareas DC.sde\DBGEOSIRGAS931.SIGAREAS.dataset_DNPMGEO_sirgas2000\DBGEOSIRGAS931.SIGAREAS.PROCESSOS_ATIVOS_H_sirgas2000,ID,-1,-1;NumeroProcesso 'NumeroProcesso' true false false 4 Long 0 10 ,First,#,Database Connections\Producao - dbgeosirgas931@SDF154@sigareas DC.sde\DBGEOSIRGAS931.SIGAREAS.dataset_DNPMGEO_sirgas2000\DBGEOSIRGAS931.SIGAREAS.PROCESSOS_ATIVOS_H_sirgas2000,NumeroProcesso,-1,-1;AnoProcesso 'AnoProcesso' true false false 4 Long 0 10 ,First,#,Database Connections\Producao - dbgeosirgas931@SDF154@sigareas DC.sde\DBGEOSIRGAS931.SIGAREAS.dataset_DNPMGEO_sirgas2000\DBGEOSIRGAS931.SIGAREAS.PROCESSOS_ATIVOS_H_sirgas2000,AnoProcesso,-1,-1;AreaHA 'AreaHA' true false false 8 Double 8 38 ,First,#,Database Connections\Producao - dbgeosirgas931@SDF154@sigareas DC.sde\DBGEOSIRGAS931.SIGAREAS.dataset_DNPMGEO_sirgas2000\DBGEOSIRGAS931.SIGAREAS.PROCESSOS_ATIVOS_H_sirgas2000,AreaHA,-1,-1;CotaMinima 'CotaMinima' true false false 8 Double 8 38 ,First,#,Database Connections\Producao - dbgeosirgas931@SDF154@sigareas DC.sde\DBGEOSIRGAS931.SIGAREAS.dataset_DNPMGEO_sirgas2000\DBGEOSIRGAS931.SIGAREAS.PROCESSOS_ATIVOS_H_sirgas2000,CotaMinima,-1,-1;CotaMaxima 'CotaMaxima' true false false 8 Double 8 38 ,First,#,Database Connections\Producao - dbgeosirgas931@SDF154@sigareas DC.sde\DBGEOSIRGAS931.SIGAREAS.dataset_DNPMGEO_sirgas2000\DBGEOSIRGAS931.SIGAREAS.PROCESSOS_ATIVOS_H_sirgas2000,CotaMaxima,-1,-1;NumeroProcessoOrigem 'NumeroProcessoOrigem' true false false 4 Long 0 10 ,First,#,Database Connections\Producao - dbgeosirgas931@SDF154@sigareas DC.sde\DBGEOSIRGAS931.SIGAREAS.dataset_DNPMGEO_sirgas2000\DBGEOSIRGAS931.SIGAREAS.PROCESSOS_ATIVOS_H_sirgas2000,NumeroProcessoOrigem,-1,-1;AnoProcessoOrigem 'AnoProcessoOrigem' true false false 4 Long 0 10 ,First,#,Database Connections\Producao - dbgeosirgas931@SDF154@sigareas DC.sde\DBGEOSIRGAS931.SIGAREAS.dataset_DNPMGEO_sirgas2000\DBGEOSIRGAS931.SIGAREAS.PROCESSOS_ATIVOS_H_sirgas2000,AnoProcessoOrigem,-1,-1;Usuario 'Usuario' true false false 255 Text 0 0 ,First,#,Database Connections\Producao - dbgeosirgas931@SDF154@sigareas DC.sde\DBGEOSIRGAS931.SIGAREAS.dataset_DNPMGEO_sirgas2000\DBGEOSIRGAS931.SIGAREAS.PROCESSOS_ATIVOS_H_sirgas2000,Usuario,-1,-1;SentidoDescricao 'SentidoDescricao' true false false 4 Long 0 10 ,First,#,Database Connections\Producao - dbgeosirgas931@SDF154@sigareas DC.sde\DBGEOSIRGAS931.SIGAREAS.dataset_DNPMGEO_sirgas2000\DBGEOSIRGAS931.SIGAREAS.PROCESSOS_ATIVOS_H_sirgas2000,SentidoDescricao,-1,-1;GDB_FROM_DATE_DNPMGEO 'GDB_FROM_DATE_DNPMGEO' true false false 36 Date 0 0 ,First,#,Database Connections\Producao - dbgeosirgas931@SDF154@sigareas DC.sde\DBGEOSIRGAS931.SIGAREAS.dataset_DNPMGEO_sirgas2000\DBGEOSIRGAS931.SIGAREAS.PROCESSOS_ATIVOS_H_sirgas2000,GDB_FROM_DATE,-1,-1;GDB_TO_DATE_DNPMGEO 'GDB_TO_DATE_DNPMGEO' true false false 36 Date 0 0 ,First,#,Database Connections\Producao - dbgeosirgas931@SDF154@sigareas DC.sde\DBGEOSIRGAS931.SIGAREAS.dataset_DNPMGEO_sirgas2000\DBGEOSIRGAS931.SIGAREAS.PROCESSOS_ATIVOS_H_sirgas2000,GDB_TO_DATE,-1,-1;SHAPE.area 'SHAPE.area' false false true 0 Double 0 0 ,First,#,Database Connections\Producao - dbgeosirgas931@SDF154@sigareas DC.sde\DBGEOSIRGAS931.SIGAREAS.dataset_DNPMGEO_sirgas2000\DBGEOSIRGAS931.SIGAREAS.PROCESSOS_ATIVOS_H_sirgas2000,Shape.area,-1,-1;SHAPE.len 'SHAPE.len' false false true 0 Double 0 0 ,First,#,Database Connections\Producao - dbgeosirgas931@SDF154@sigareas DC.sde\DBGEOSIRGAS931.SIGAREAS.dataset_DNPMGEO_sirgas2000\DBGEOSIRGAS931.SIGAREAS.PROCESSOS_ATIVOS_H_sirgas2000,Shape.len,-1,-1" # "Database Connections\Producao - dbgeosirgas931@SDF154@sigareas DC.sde\DBGEOSIRGAS931.SIGAREAS.PROCESSOS_ATIVOS"</Process><Process ToolSource="C:\Program Files (x86)\ArcGIS\ArcToolbox\Toolboxes\Conversion Tools.tbx\FeatureClassToFeatureClass" Date="20201207" Time="220413">FeatureClassToFeatureClass "C:\\ScriptSIGMINE\\sde_connections\\Producao - dbgeosirgas931@SDF154@sigareas DC.sde\PROCESSOS_ATIVOS" C:\arcgisserver\arcgisservicesmxd\datasource\2020_12_07_22_00_07\SIRGAS2000 PROCESSO_ATIVOS.shp # "PROCESSO 'PROCESSO' true true false 50 Text 0 0 ,Join,/,C:\\ScriptSIGMINE\\sde_connections\\Producao - dbgeosirgas931@SDF154@sigareas DC.sde\PROCESSOS_ATIVOS,NumeroProcesso,-1,-1,C:\\ScriptSIGMINE\\sde_connections\\Producao - dbgeosirgas931@SDF154@sigareas DC.sde\PROCESSOS_ATIVOS,AnoProcesso,-1,-1;ID 'ID' true false false 38 Text 0 0 ,First,#,C:\\ScriptSIGMINE\\sde_connections\\Producao - dbgeosirgas931@SDF154@sigareas DC.sde\PROCESSOS_ATIVOS,ID,-1,-1;NUMERO 'NUMERO' true false false 4 Long 0 10 ,First,#,C:\\ScriptSIGMINE\\sde_connections\\Producao - dbgeosirgas931@SDF154@sigareas DC.sde\PROCESSOS_ATIVOS,NumeroProcesso,-1,-1;ANO 'ANO' true false false 4 Long 0 10 ,First,#,C:\\ScriptSIGMINE\\sde_connections\\Producao - dbgeosirgas931@SDF154@sigareas DC.sde\PROCESSOS_ATIVOS,AnoProcesso,-1,-1;AREA_HA 'AREA_HA' true false false 8 Double 8 38 ,First,#,C:\\ScriptSIGMINE\\sde_connections\\Producao - dbgeosirgas931@SDF154@sigareas DC.sde\PROCESSOS_ATIVOS,AreaHA,-1,-1;FASE 'FASE' true true false 255 Text 0 0 ,First,#,C:\\ScriptSIGMINE\\sde_connections\\Producao - dbgeosirgas931@SDF154@sigareas DC.sde\PROCESSOS_ATIVOS,AnoProcesso,-1,-1;ULT_EVENTO 'ULT_EVENTO' true true false 255 Text 0 0 ,First,#,C:\\ScriptSIGMINE\\sde_connections\\Producao - dbgeosirgas931@SDF154@sigareas DC.sde\PROCESSOS_ATIVOS,AnoProcesso,-1,-1;NOME 'NOME' true true false 255 Text 0 0 ,First,#,C:\\ScriptSIGMINE\\sde_connections\\Producao - dbgeosirgas931@SDF154@sigareas DC.sde\PROCESSOS_ATIVOS,AnoProcesso,-1,-1;SUBS 'SUBS' true true false 255 Text 0 0 ,First,#,C:\\ScriptSIGMINE\\sde_connections\\Producao - dbgeosirgas931@SDF154@sigareas DC.sde\PROCESSOS_ATIVOS,AnoProcesso,-1,-1;USO 'USO' true true false 255 Text 0 0 ,First,#,C:\\ScriptSIGMINE\\sde_connections\\Producao - dbgeosirgas931@SDF154@sigareas DC.sde\PROCESSOS_ATIVOS,AnoProcesso,-1,-1;UF 'UF' true true false 20 Text 0 0 ,First,#,C:\\ScriptSIGMINE\\sde_connections\\Producao - dbgeosirgas931@SDF154@sigareas DC.sde\PROCESSOS_ATIVOS,AnoProcesso,-1,-1" # C:\arcgisserver\arcgisservicesmxd\datasource\2020_12_07_22_00_07\SIRGAS2000\PROCESSO_ATIVOS.shp</Process><Process ToolSource="C:\Program Files (x86)\ArcGIS\ArcToolbox\Toolboxes\Data Management Tools.tbx\Merge" Date="20201207" Time="220915">Merge C:\arcgisserver\arcgisservicesmxd\datasource\2020_12_07_22_00_07\SIRGAS2000\PROCESSO_ATIVOS.shp;C:\arcgisserver\arcgisservicesmxd\datasource\2020_12_07_22_00_07\SIRGAS2000\DISPONIBILIDADE.shp C:\arcgisserver\arcgisservicesmxd\datasource\2020_12_07_22_00_07\SIRGAS2000\BRASIL.shp "PROCESSO 'PROCESSO' true true false 50 Text 0 0 ,First,#,C:\arcgisserver\arcgisservicesmxd\datasource\2020_12_07_22_00_07\SIRGAS2000\PROCESSO_ATIVOS.shp,PROCESSO,-1,-1,C:\arcgisserver\arcgisservicesmxd\datasource\2020_12_07_22_00_07\SIRGAS2000\DISPONIBILIDADE.shp,PROCESSO,-1,-1;ID 'ID' true true false 38 Text 0 0 ,First,#,C:\arcgisserver\arcgisservicesmxd\datasource\2020_12_07_22_00_07\SIRGAS2000\PROCESSO_ATIVOS.shp,ID,-1,-1,C:\arcgisserver\arcgisservicesmxd\datasource\2020_12_07_22_00_07\SIRGAS2000\DISPONIBILIDADE.shp,ID,-1,-1;NUMERO 'NUMERO' true true false 10 Double 0 10 ,First,#,C:\arcgisserver\arcgisservicesmxd\datasource\2020_12_07_22_00_07\SIRGAS2000\PROCESSO_ATIVOS.shp,NUMERO,-1,-1,C:\arcgisserver\arcgisservicesmxd\datasource\2020_12_07_22_00_07\SIRGAS2000\DISPONIBILIDADE.shp,NUMERO,-1,-1;ANO 'ANO' true true false 10 Double 0 10 ,First,#,C:\arcgisserver\arcgisservicesmxd\datasource\2020_12_07_22_00_07\SIRGAS2000\PROCESSO_ATIVOS.shp,ANO,-1,-1,C:\arcgisserver\arcgisservicesmxd\datasource\2020_12_07_22_00_07\SIRGAS2000\DISPONIBILIDADE.shp,ANO,-1,-1;AREA_HA 'AREA_HA' true true false 19 Double 8 18 ,First,#,C:\arcgisserver\arcgisservicesmxd\datasource\2020_12_07_22_00_07\SIRGAS2000\PROCESSO_ATIVOS.shp,AREA_HA,-1,-1,C:\arcgisserver\arcgisservicesmxd\datasource\2020_12_07_22_00_07\SIRGAS2000\DISPONIBILIDADE.shp,AREA_HA,-1,-1;FASE 'FASE' true true false 254 Text 0 0 ,First,#,C:\arcgisserver\arcgisservicesmxd\datasource\2020_12_07_22_00_07\SIRGAS2000\PROCESSO_ATIVOS.shp,FASE,-1,-1,C:\arcgisserver\arcgisservicesmxd\datasource\2020_12_07_22_00_07\SIRGAS2000\DISPONIBILIDADE.shp,FASE,-1,-1;ULT_EVENTO 'ULT_EVENTO' true true false 254 Text 0 0 ,First,#,C:\arcgisserver\arcgisservicesmxd\datasource\2020_12_07_22_00_07\SIRGAS2000\PROCESSO_ATIVOS.shp,ULT_EVENTO,-1,-1,C:\arcgisserver\arcgisservicesmxd\datasource\2020_12_07_22_00_07\SIRGAS2000\DISPONIBILIDADE.shp,ULT_EVENTO,-1,-1;NOME 'NOME' true true false 254 Text 0 0 ,First,#,C:\arcgisserver\arcgisservicesmxd\datasource\2020_12_07_22_00_07\SIRGAS2000\PROCESSO_ATIVOS.shp,NOME,-1,-1,C:\arcgisserver\arcgisservicesmxd\datasource\2020_12_07_22_00_07\SIRGAS2000\DISPONIBILIDADE.shp,NOME,-1,-1;SUBS 'SUBS' true true false 254 Text 0 0 ,First,#,C:\arcgisserver\arcgisservicesmxd\datasource\2020_12_07_22_00_07\SIRGAS2000\PROCESSO_ATIVOS.shp,SUBS,-1,-1,C:\arcgisserver\arcgisservicesmxd\datasource\2020_12_07_22_00_07\SIRGAS2000\DISPONIBILIDADE.shp,SUBS,-1,-1;USO 'USO' true true false 254 Text 0 0 ,First,#,C:\arcgisserver\arcgisservicesmxd\datasource\2020_12_07_22_00_07\SIRGAS2000\PROCESSO_ATIVOS.shp,USO,-1,-1,C:\arcgisserver\arcgisservicesmxd\datasource\2020_12_07_22_00_07\SIRGAS2000\DISPONIBILIDADE.shp,USO,-1,-1;UF 'UF' true true false 20 Text 0 0 ,First,#,C:\arcgisserver\arcgisservicesmxd\datasource\2020_12_07_22_00_07\SIRGAS2000\PROCESSO_ATIVOS.shp,UF,-1,-1,C:\arcgisserver\arcgisservicesmxd\datasource\2020_12_07_22_00_07\SIRGAS2000\DISPONIBILIDADE.shp,UF,-1,-1"</Process><Process ToolSource="C:\Program Files (x86)\ArcGIS\ArcToolbox\Toolboxes\Data Management Tools.tbx\SelectLayerByLocation" Date="20201207" Time="223019">SelectLayerByLocation BRASIL INTERSECT DIVISAO_ESTADUAL_ESTENDIDA # NEW_SELECTION BRASIL</Process><Process ToolSource="C:\Program Files (x86)\ArcGIS\ArcToolbox\Toolboxes\Data Management Tools.tbx\SelectLayerByLocation" Date="20201207" Time="223036">SelectLayerByLocation BRASIL INTERSECT DIVISAO_ESTADUAL_ESTENDIDA # NEW_SELECTION BRASIL</Process><Process ToolSource="C:\Program Files (x86)\ArcGIS\ArcToolbox\Toolboxes\Data Management Tools.tbx\SelectLayerByLocation" Date="20201207" Time="223221">SelectLayerByLocation BRASIL INTERSECT DIVISAO_ESTADUAL_ESTENDIDA # NEW_SELECTION BRASIL</Process><Process ToolSource="C:\Program Files (x86)\ArcGIS\ArcToolbox\Toolboxes\Data Management Tools.tbx\SelectLayerByLocation" Date="20201207" Time="223246">SelectLayerByLocation BRASIL INTERSECT DIVISAO_ESTADUAL_ESTENDIDA # NEW_SELECTION BRASIL</Process><Process ToolSource="C:\Program Files (x86)\ArcGIS\ArcToolbox\Toolboxes\Data Management Tools.tbx\SelectLayerByLocation" Date="20201207" Time="225329">SelectLayerByLocation BRASIL INTERSECT DIVISAO_ESTADUAL_ESTENDIDA # NEW_SELECTION BRASIL</Process><Process ToolSource="C:\Program Files (x86)\ArcGIS\ArcToolbox\Toolboxes\Data Management Tools.tbx\SelectLayerByLocation" Date="20201207" Time="225428">SelectLayerByLocation BRASIL INTERSECT DIVISAO_ESTADUAL_ESTENDIDA # NEW_SELECTION BRASIL</Process><Process ToolSource="C:\Program Files (x86)\ArcGIS\ArcToolbox\Toolboxes\Data Management Tools.tbx\SelectLayerByLocation" Date="20201207" Time="225448">SelectLayerByLocation BRASIL INTERSECT DIVISAO_ESTADUAL_ESTENDIDA # NEW_SELECTION BRASIL</Process><Process ToolSource="C:\Program Files (x86)\ArcGIS\ArcToolbox\Toolboxes\Data Management Tools.tbx\SelectLayerByLocation" Date="20201207" Time="225551">SelectLayerByLocation BRASIL INTERSECT DIVISAO_ESTADUAL_ESTENDIDA # NEW_SELECTION BRASIL</Process><Process ToolSource="C:\Program Files (x86)\ArcGIS\ArcToolbox\Toolboxes\Data Management Tools.tbx\SelectLayerByLocation" Date="20201207" Time="225933">SelectLayerByLocation BRASIL INTERSECT DIVISAO_ESTADUAL_ESTENDIDA # NEW_SELECTION BRASIL</Process><Process ToolSource="C:\Program Files (x86)\ArcGIS\ArcToolbox\Toolboxes\Data Management Tools.tbx\SelectLayerByLocation" Date="20201207" Time="230045">SelectLayerByLocation BRASIL INTERSECT DIVISAO_ESTADUAL_ESTENDIDA # NEW_SELECTION BRASIL</Process><Process ToolSource="C:\Program Files (x86)\ArcGIS\ArcToolbox\Toolboxes\Data Management Tools.tbx\SelectLayerByLocation" Date="20201207" Time="231427">SelectLayerByLocation BRASIL INTERSECT DIVISAO_ESTADUAL_ESTENDIDA # NEW_SELECTION BRASIL</Process><Process ToolSource="C:\Program Files (x86)\ArcGIS\ArcToolbox\Toolboxes\Data Management Tools.tbx\SelectLayerByLocation" Date="20201207" Time="231634">SelectLayerByLocation BRASIL INTERSECT DIVISAO_ESTADUAL_ESTENDIDA # NEW_SELECTION BRASIL</Process><Process ToolSource="C:\Program Files (x86)\ArcGIS\ArcToolbox\Toolboxes\Data Management Tools.tbx\SelectLayerByLocation" Date="20201207" Time="231931">SelectLayerByLocation BRASIL INTERSECT DIVISAO_ESTADUAL_ESTENDIDA # NEW_SELECTION BRASIL</Process><Process ToolSource="C:\Program Files (x86)\ArcGIS\ArcToolbox\Toolboxes\Data Management Tools.tbx\CopyFeatures" Date="20201207" Time="231947">CopyFeatures BRASIL C:\arcgisserver\arcgisservicesmxd\datasource\2020_12_07_22_00_07\SIRGAS2000\MT.shp # 0 0 0</Process></lineage></DataProperties><SyncDate>20201207</SyncDate><SyncTime>23193100</SyncTime><ModDate>20201207</ModDate><ModTime>23193100</ModTime></Esri><idinfo><native Sync="TRUE">Microsoft Windows Vista Version 6.0 (Build 6003) Service Pack 2; ESRI ArcCatalog 9.3.1.4000</native><descript><langdata Sync="TRUE">pt</langdata><abstract>REQUIRED: A brief narrative summary of the data set.</abstract><purpose>REQUIRED: A summary of the intentions with which the data set was developed.</purpose></descript><citation><citeinfo><origin>REQUIRED: The name of an organization or individual that developed the data set.</origin><pubdate>REQUIRED: The date when the data set is published or otherwise made available for release.</pubdate><title Sync="TRUE">MT</title><ftname Sync="TRUE">MT</ftname><geoform Sync="TRUE">vector digital data</geoform><onlink Sync="TRUE">\\SDF122\C\arcgisserver\arcgisservicesmxd\datasource\2020_12_07_22_00_07\SIRGAS2000\MT.shp</onlink></citeinfo></citation><timeperd><current>REQUIRED: The basis on which the time period of content information is determined.</current><timeinfo><sngdate><caldate>REQUIRED: The year (and optionally month, or month and day) for which the data set corresponds to the ground.</caldate></sngdate></timeinfo></timeperd><status><progress>REQUIRED: The state of the data set.</progress><update>REQUIRED: The frequency with which changes and additions are made to the data set after the initial data set is completed.</update></status><spdom><bounding><westbc Sync="TRUE">REQUIRED: Western-most coordinate of the limit of coverage expressed in longitude.</westbc><eastbc Sync="TRUE">REQUIRED: Eastern-most coordinate of the limit of coverage expressed in longitude.</eastbc><northbc Sync="TRUE">REQUIRED: Northern-most coordinate of the limit of coverage expressed in latitude.</northbc><southbc Sync="TRUE">REQUIRED: Southern-most coordinate of the limit of coverage expressed in latitude.</southbc></bounding></spdom><keywords><theme><themekt>REQUIRED: Reference to a formally registered thesaurus or a similar authoritative source of theme keywords.</themekt><themekey>REQUIRED: Common-use word or phrase used to describe the subject of the data set.</themekey></theme></keywords><accconst>REQUIRED: Restrictions and legal prerequisites for accessing the data set.</accconst><useconst>REQUIRED: Restrictions and legal prerequisites for using the data set after access is granted.</useconst><natvform Sync="TRUE">Shapefile</natvform></idinfo><metainfo><langmeta Sync="TRUE">pt</langmeta><metstdn Sync="TRUE">FGDC Content Standards for Digital Geospatial Metadata</metstdn><metstdv Sync="TRUE">FGDC-STD-001-1998</metstdv><mettc Sync="TRUE">local time</mettc><metc><cntinfo><cntorgp><cntper>REQUIRED: The person responsible for the metadata information.</cntper><cntorg>REQUIRED: The organization responsible for the metadata information.</cntorg></cntorgp><cntaddr><addrtype>REQUIRED: The mailing and/or physical address for the organization or individual.</addrtype><city>REQUIRED: The city of the address.</city><state>REQUIRED: The state or province of the address.</state><postal>REQUIRED: The ZIP or other postal code of the address.</postal></cntaddr><cntvoice>REQUIRED: The telephone number by which individuals can speak to the organization or individual.</cntvoice></cntinfo></metc><metd Sync="TRUE">20201207</metd><metextns><onlink Sync="TRUE">http://www.esri.com/metadata/esriprof80.html</onlink><metprof Sync="TRUE">ESRI Metadata Profile</metprof></metextns></metainfo><spdoinfo><direct Sync="TRUE">Vector</direct><ptvctinf><esriterm Name="MT"><efeatyp Sync="TRUE">Simple</efeatyp><efeageom Sync="TRUE">Polygon</efeageom><esritopo Sync="TRUE">FALSE</esritopo><efeacnt Sync="TRUE">0</efeacnt><spindex Sync="TRUE">FALSE</spindex><linrefer Sync="TRUE">TRUE</linrefer></esriterm><sdtsterm Name="MT"><sdtstype Sync="TRUE">G-polygon</sdtstype><ptvctcnt Sync="TRUE">0</ptvctcnt></sdtsterm></ptvctinf></spdoinfo><spref><horizsys><cordsysn><geogcsn Sync="TRUE">GCS_SIRGAS_2000</geogcsn></cordsysn><geograph><geogunit Sync="TRUE">Decimal degrees</geogunit><latres Sync="TRUE">0.000000</latres><longres Sync="TRUE">0.000000</longres></geograph><geodetic><horizdn Sync="TRUE">D_SIRGAS_2000</horizdn><ellips Sync="TRUE">Geodetic Reference System 80</ellips><semiaxis Sync="TRUE">6378137.000000</semiaxis><denflat Sync="TRUE">298.257222</denflat></geodetic></horizsys><vertdef><altsys><altenc Sync="TRUE">Explicit elevation coordinate included with horizontal coordinates</altenc><altres Sync="TRUE">0.000100</altres></altsys></vertdef></spref><eainfo><detailed Name="MT"><enttyp><enttypl Sync="TRUE">MT</enttypl><enttypt Sync="TRUE">Feature Class</enttypt><enttypc Sync="TRUE">0</enttypc></enttyp><attr><attrlabl Sync="TRUE">FID</attrlabl><attalias Sync="TRUE">FID</attalias><attrtype Sync="TRUE">OID</attrtype><attwidth Sync="TRUE">4</attwidth><atprecis Sync="TRUE">0</atprecis><attscale Sync="TRUE">0</attscale><attrdef Sync="TRUE">Internal feature number.</attrdef><attrdefs Sync="TRUE">ESRI</attrdefs><attrdomv><udom Sync="TRUE">Sequential unique whole numbers that are automatically generated.</udom></attrdomv></attr><attr><attrlabl Sync="TRUE">Shape</attrlabl><attalias Sync="TRUE">Shape</attalias><attrtype Sync="TRUE">Geometry</attrtype><attwidth Sync="TRUE">0</attwidth><atprecis Sync="TRUE">0</atprecis><attscale Sync="TRUE">0</attscale><attrdef Sync="TRUE">Feature geometry.</attrdef><attrdefs Sync="TRUE">ESRI</attrdefs><attrdomv><udom Sync="TRUE">Coordinates defining the features.</udom></attrdomv></attr><attr><attrlabl Sync="TRUE">PROCESSO</attrlabl><attalias Sync="TRUE">PROCESSO</attalias><attrtype Sync="TRUE">String</attrtype><attwidth Sync="TRUE">50</attwidth></attr><attr><attrlabl Sync="TRUE">ID</attrlabl><attalias Sync="TRUE">ID</attalias><attrtype Sync="TRUE">String</attrtype><attwidth Sync="TRUE">38</attwidth></attr><attr><attrlabl Sync="TRUE">NUMERO</attrlabl><attalias Sync="TRUE">NUMERO</attalias><attrtype Sync="TRUE">Number</attrtype><attwidth Sync="TRUE">10</attwidth></attr><attr><attrlabl Sync="TRUE">ANO</attrlabl><attalias Sync="TRUE">ANO</attalias><attrtype Sync="TRUE">Number</attrtype><attwidth Sync="TRUE">10</attwidth></attr><attr><attrlabl Sync="TRUE">AREA_HA</attrlabl><attalias Sync="TRUE">AREA_HA</attalias><attrtype Sync="TRUE">Number</attrtype><attwidth Sync="TRUE">19</attwidth><atnumdec Sync="TRUE">8</atnumdec></attr><attr><attrlabl Sync="TRUE">FASE</attrlabl><attalias Sync="TRUE">FASE</attalias><attrtype Sync="TRUE">String</attrtype><attwidth Sync="TRUE">254</attwidth></attr><attr><attrlabl Sync="TRUE">ULT_EVENTO</attrlabl><attalias Sync="TRUE">ULT_EVENTO</attalias><attrtype Sync="TRUE">String</attrtype><attwidth Sync="TRUE">254</attwidth></attr><attr><attrlabl Sync="TRUE">NOME</attrlabl><attalias Sync="TRUE">NOME</attalias><attrtype Sync="TRUE">String</attrtype><attwidth Sync="TRUE">254</attwidth></attr><attr><attrlabl Sync="TRUE">SUBS</attrlabl><attalias Sync="TRUE">SUBS</attalias><attrtype Sync="TRUE">String</attrtype><attwidth Sync="TRUE">254</attwidth></attr><attr><attrlabl Sync="TRUE">USO</attrlabl><attalias Sync="TRUE">USO</attalias><attrtype Sync="TRUE">String</attrtype><attwidth Sync="TRUE">254</attwidth></attr><attr><attrlabl Sync="TRUE">UF</attrlabl><attalias Sync="TRUE">UF</attalias><attrtype Sync="TRUE">String</attrtype><attwidth Sync="TRUE">20</attwidth></attr></detailed></eainfo><distinfo><stdorder><digform><digtinfo><transize Sync="TRUE">0,000</transize><dssize Sync="TRUE">0,000</dssize></digtinfo></digform></stdorder></distinfo></metadata>
